ID,bus,OS,P
L1,2,1,0.077479408
L2,4,1,0.186032156
L3,6,1,0.29551181
L4,7,1,0.296369037
L5,8,1,0.202089304
L6,10,1,0.111655223
L7,13,1,0.046128009
L8,14,1,0.054436733
L9,15,1,0.276548514
L10,16,1,0.00078442
