Primary fault,Annual down time for primary fault [min/yr]
 (K1),28.200000000000003
 (K2),12.450000000000001
 (K3),44.849999999999994
 (K4),28.400000000000002
